{"stars": [
  {"x": 103.05293005671078, "y": 103.00622406639005, "brightness": 5835.800000000012},
  {"x": 501.5013192612137, "y": 301.4980891719745, "brightness": 1072.999999999997}
]}
